time,weathercode,temperature_2m_max,temperature_2m_min,precipitation_sum,month-day,city
2023-05-18,51,17.6,7.8,0.7,518,8
2023-05-18,51,17.3,8.9,0.1,518,1
2023-05-18,3,15.8,10.4,0.0,518,6
2023-05-18,51,14.8,8.2,0.2,518,4
2023-05-18,51,17.7,10.9,0.4,518,7
2023-05-18,51,16.0,8.9,0.1,518,2
2023-05-18,3,17.6,9.0,0.0,518,5
2023-05-18,3,16.1,10.4,0.0,518,10
2023-05-18,51,18.0,8.3,0.1,518,9
2023-05-18,3,17.3,8.8,0.0,518,3
2023-05-19,51,14.8,7.9,1.5,519,8
2023-05-19,53,17.1,10.2,1.8,519,7
2023-05-19,63,17.0,10.3,5.8,519,9
2023-05-19,3,14.9,9.0,0.0,519,4
2023-05-19,61,15.7,9.7,3.0,519,5
2023-05-19,51,14.2,9.3,0.7,519,6
2023-05-19,51,16.6,8.4,0.4,519,1
2023-05-19,3,15.9,9.4,0.0,519,2
2023-05-19,55,16.9,9.0,3.4,519,10
2023-05-19,53,15.4,9.3,4.0,519,3
2023-05-20,3,17.5,8.5,0.0,520,7
2023-05-20,3,17.3,8.2,0.0,520,6
2023-05-20,51,15.5,9.0,1.6,520,2
2023-05-20,3,16.3,4.7,0.0,520,8
2023-05-20,1,17.8,7.1,0.0,520,1
2023-05-20,3,17.5,9.7,0.0,520,10
2023-05-20,2,16.8,6.3,0.0,520,5
2023-05-20,51,14.3,9.5,3.6,520,4
2023-05-20,2,17.8,7.0,0.0,520,3
2023-05-20,3,16.3,6.9,0.0,520,9
2023-05-21,1,17.3,4.1,0.0,521,8
2023-05-21,51,14.1,11.1,0.8,521,4
2023-05-21,2,17.6,5.6,0.0,521,5
2023-05-21,3,17.4,9.0,0.0,521,6
2023-05-21,3,18.5,7.2,0.0,521,7
2023-05-21,1,18.3,8.3,0.0,521,10
2023-05-21,3,17.0,6.4,0.0,521,9
2023-05-21,3,17.5,7.5,0.0,521,1
2023-05-21,3,19.2,6.2,0.0,521,3
2023-05-21,51,12.5,10.2,1.6,521,2
2023-05-22,2,19.1,7.8,0.0,522,5
2023-05-22,3,18.4,8.9,0.0,522,9
2023-05-22,3,19.9,8.5,0.0,522,7
2023-05-22,3,14.8,8.3,0.0,522,6
2023-05-22,51,18.8,5.6,0.1,522,3
2023-05-22,51,20.3,9.1,0.2,522,10
2023-05-22,51,16.2,10.0,0.7,522,2
2023-05-22,1,17.6,8.0,0.0,522,8
2023-05-22,3,15.7,8.8,0.0,522,4
2023-05-22,3,18.0,9.2,0.0,522,1
2023-05-23,3,15.2,8.0,0.0,523,2
2023-05-23,51,16.3,9.7,0.3,523,10
2023-05-23,3,15.8,9.5,0.0,523,5
2023-05-23,51,17.8,7.1,0.1,523,8
2023-05-23,51,14.2,11.1,0.1,523,6
2023-05-23,3,16.4,8.6,0.0,523,1
2023-05-23,51,16.0,9.7,0.5,523,3
2023-05-23,3,13.5,6.6,0.0,523,4
2023-05-23,3,16.5,8.7,0.0,523,9
2023-05-23,3,16.4,9.3,0.0,523,7
2023-05-24,1,19.8,9.1,0.0,524,10
2023-05-24,3,18.8,7.4,0.0,524,1
2023-05-24,2,14.6,8.2,0.0,524,3
2023-05-24,2,18.4,7.9,0.0,524,9
2023-05-24,1,19.5,9.1,0.0,524,7
2023-05-24,51,14.6,8.4,0.1,524,4
2023-05-24,3,16.1,8.9,0.0,524,2
2023-05-24,1,17.0,8.3,0.0,524,5
2023-05-24,3,13.5,10.4,0.0,524,6
2023-05-24,3,18.6,8.6,0.0,524,8
2023-05-25,3,18.0,10.6,0.0,525,9
2023-05-25,3,18.8,9.9,0.0,525,7
2023-05-25,2,16.5,5.2,0.0,525,4
2023-05-25,51,18.7,10.4,0.1,525,3
2023-05-25,3,17.6,7.3,0.0,525,2
2023-05-25,3,17.1,9.6,0.0,525,8
2023-05-25,3,17.7,9.7,0.0,525,5
2023-05-25,3,19.2,10.4,0.0,525,10
2023-05-25,2,16.0,11.1,0.0,525,6
2023-05-25,3,17.7,7.5,0.0,525,1
2023-05-26,3,17.9,9.6,0.0,526,3
2023-05-26,1,18.3,10.9,0.0,526,10
2023-05-26,1,18.3,9.3,0.0,526,7
2023-05-26,0,17.2,7.0,0.0,526,9
2023-05-26,3,17.6,8.2,0.0,526,5
2023-05-26,3,18.3,10.8,0.0,526,8
2023-05-26,2,17.2,9.9,0.0,526,6
2023-05-26,3,17.2,6.6,0.0,526,4
2023-05-26,3,16.4,7.5,0.0,526,1
2023-05-26,3,16.1,7.9,0.0,526,2
2023-05-27,3,17.6,7.6,0.0,527,1
2023-05-27,0,19.5,7.3,0.0,527,7
2023-05-27,0,19.2,5.4,0.0,527,5
2023-05-27,1,18.4,6.1,0.0,527,9
2023-05-27,3,19.9,8.3,0.0,527,8
2023-05-27,3,15.3,10.0,0.0,527,2
2023-05-27,1,18.9,10.2,0.0,527,6
2023-05-27,3,19.8,8.3,0.0,527,3
2023-05-27,0,19.6,8.5,0.0,527,10
2023-05-27,51,14.8,8.6,0.4,527,4
2023-05-28,3,16.7,11.5,0.0,528,6
2023-05-28,1,19.7,5.9,0.0,528,1
2023-05-28,3,13.9,6.9,0.0,528,2
2023-05-28,3,19.3,7.9,0.0,528,9
2023-05-28,3,19.6,11.4,0.0,528,10
2023-05-28,3,14.7,8.4,0.0,528,8
2023-05-28,51,17.7,10.1,0.3,528,5
2023-05-28,51,17.0,9.2,0.6,528,3
2023-05-28,2,15.4,5.3,0.0,528,4
2023-05-28,3,20.0,10.5,0.0,528,7
2023-05-29,2,15.4,5.8,0.0,529,8
2023-05-29,3,15.5,6.8,0.0,529,5
2023-05-29,1,18.5,7.3,0.0,529,2
2023-05-29,3,16.9,8.6,0.0,529,7
2023-05-29,1,17.2,8.0,0.0,529,6
2023-05-29,3,15.6,7.4,0.0,529,9
2023-05-29,3,15.6,8.1,0.0,529,1
2023-05-29,2,16.6,6.0,0.0,529,3
2023-05-29,1,18.3,8.0,0.0,529,4
2023-05-29,1,16.7,9.3,0.0,529,10
2023-05-30,3,16.6,6.2,0.0,530,5
2023-05-30,3,16.3,7.2,0.0,530,9
2023-05-30,3,17.9,7.7,0.0,530,7
2023-05-30,0,20.8,6.6,0.0,530,4
2023-05-30,2,17.9,8.2,0.0,530,10
2023-05-30,3,14.8,5.0,0.0,530,8
2023-05-30,1,19.1,7.0,0.0,530,2
2023-05-30,2,18.6,7.9,0.0,530,6
2023-05-30,3,16.1,8.6,0.0,530,1
2023-05-30,3,17.4,6.0,0.0,530,3
2023-05-31,3,16.6,8.4,0.0,531,3
2023-05-31,3,17.9,10.9,0.0,531,1
2023-05-31,3,14.3,9.8,0.0,531,8
2023-05-31,51,17.4,10.9,0.5,531,10
2023-05-31,3,18.1,9.4,0.0,531,6
2023-05-31,3,15.6,9.1,0.0,531,2
2023-05-31,3,15.8,9.8,0.0,531,5
2023-05-31,51,18.0,11.1,0.1,531,7
2023-05-31,3,21.1,9.0,0.0,531,4
2023-05-31,3,17.1,10.1,0.0,531,9
2023-06-01,3,16.7,9.0,0.0,601,4
2023-06-01,2,18.6,9.4,0.0,601,10
2023-06-01,3,16.6,8.0,0.0,601,3
2023-06-01,3,16.8,9.0,0.0,601,9
2023-06-01,3,18.7,9.4,0.0,601,7
2023-06-01,3,16.8,8.6,0.0,601,5
2023-06-01,3,17.3,9.7,0.0,601,1
2023-06-01,3,13.7,9.4,0.0,601,8
2023-06-01,3,18.2,8.9,0.0,601,6
2023-06-01,3,12.8,8.9,0.0,601,2
2023-06-02,3,16.0,9.9,0.0,602,1
2023-06-02,2,19.3,8.1,0.0,602,4
2023-06-02,1,17.3,7.8,0.0,602,3
2023-06-02,3,17.7,9.7,0.0,602,7
2023-06-02,1,18.1,8.9,0.0,602,6
2023-06-02,3,15.1,7.5,0.0,602,8
2023-06-02,3,17.6,9.5,0.0,602,10
2023-06-02,3,15.6,7.4,0.0,602,2
2023-06-02,3,16.3,9.1,0.0,602,9
2023-06-02,3,17.1,8.9,0.0,602,5
2023-06-03,3,18.8,7.2,0.0,603,5
2023-06-03,0,18.8,8.2,0.0,603,6
2023-06-03,3,18.7,6.9,0.0,603,9
2023-06-03,1,20.0,7.6,0.0,603,7
2023-06-03,3,19.7,8.0,0.0,603,1
2023-06-03,3,17.3,7.4,0.0,603,2
2023-06-03,1,16.5,4.9,0.0,603,8
2023-06-03,1,18.6,6.0,0.0,603,3
2023-06-03,1,19.4,8.3,0.0,603,10
2023-06-03,0,20.7,7.0,0.0,603,4
2023-06-04,1,18.3,7.0,0.0,604,5
2023-06-04,0,20.2,10.2,0.0,604,10
2023-06-04,3,16.5,9.0,0.0,604,2
2023-06-04,1,18.6,6.6,0.0,604,3
2023-06-04,1,20.7,8.7,0.0,604,4
2023-06-04,2,19.5,8.8,0.0,604,1
2023-06-04,1,19.1,7.8,0.0,604,9
2023-06-04,0,19.1,9.0,0.0,604,6
2023-06-04,0,20.6,9.2,0.0,604,7
2023-06-04,3,15.7,4.8,0.0,604,8
2023-06-05,2,18.6,8.6,0.0,605,7
2023-06-05,3,15.2,8.7,0.0,605,8
2023-06-05,1,18.6,9.1,0.0,605,10
2023-06-05,3,16.9,8.5,0.0,605,5
2023-06-05,0,20.2,9.1,0.0,605,4
2023-06-05,3,17.8,9.1,0.0,605,1
2023-06-05,0,18.8,9.7,0.0,605,6
2023-06-05,3,14.7,9.2,0.0,605,2
2023-06-05,3,16.9,8.2,0.0,605,9
2023-06-05,1,17.7,8.0,0.0,605,3
2023-06-06,3,17.5,10.1,0.0,606,7
2023-06-06,3,15.9,9.8,0.0,606,5
2023-06-06,3,19.2,9.5,0.0,606,4
2023-06-06,3,14.3,9.7,0.0,606,8
2023-06-06,3,17.3,10.7,0.0,606,1
2023-06-06,3,16.1,10.2,0.0,606,9
2023-06-06,3,17.1,9.9,0.0,606,10
2023-06-06,3,14.6,9.5,0.0,606,2
2023-06-06,3,16.6,8.1,0.0,606,3
2023-06-06,3,18.3,9.5,0.0,606,6
2023-06-07,3,19.1,7.4,0.0,607,4
2023-06-07,2,19.9,9.6,0.0,607,10
2023-06-07,3,14.8,7.2,0.0,607,2
2023-06-07,3,19.6,9.3,0.0,607,1
2023-06-07,3,17.4,9.4,0.0,607,6
2023-06-07,2,20.7,9.3,0.0,607,7
2023-06-07,3,15.9,8.4,0.0,607,3
2023-06-07,3,17.1,9.4,0.0,607,5
2023-06-07,3,19.6,8.9,0.0,607,9
2023-06-07,3,14.6,9.2,0.0,607,8
2023-06-08,1,21.5,9.3,0.0,608,10
2023-06-08,3,13.2,7.8,0.0,608,2
2023-06-08,3,14.4,8.7,0.0,608,8
2023-06-08,2,19.5,9.0,0.0,608,1
2023-06-08,3,18.3,8.3,0.0,608,5
2023-06-08,2,16.9,8.0,0.0,608,3
2023-06-08,1,21.9,9.0,0.0,608,7
2023-06-08,1,19.9,8.2,0.0,608,9
2023-06-08,2,18.7,8.9,0.0,608,6
2023-06-08,3,16.6,7.6,0.0,608,4
2023-06-09,2,14.1,9.5,0.0,609,2
2023-06-09,1,22.9,11.3,0.0,609,1
2023-06-09,3,16.6,8.0,0.0,609,8
2023-06-09,1,19.3,8.1,0.0,609,4
2023-06-09,1,23.6,9.8,0.0,609,9
2023-06-09,1,19.7,8.2,0.0,609,3
2023-06-09,1,24.6,10.9,0.0,609,7
2023-06-09,1,21.5,9.4,0.0,609,6
2023-06-09,1,23.6,11.2,0.0,609,10
2023-06-09,1,21.5,8.8,0.0,609,5
2023-06-10,61,26.5,10.6,1.4,610,3
2023-06-10,51,24.5,13.7,0.1,610,7
2023-06-10,53,26.7,11.9,1.9,610,6
2023-06-10,61,21.9,14.1,4.0,610,10
2023-06-10,53,24.0,8.4,1.8,610,4
2023-06-10,51,27.1,10.8,0.6,610,5
2023-06-10,2,27.4,14.3,0.0,610,1
2023-06-10,2,17.8,8.5,0.0,610,2
2023-06-10,1,23.3,9.3,0.0,610,8
2023-06-10,2,27.4,12.9,0.0,610,9
2023-06-11,1,25.4,10.3,0.0,611,8
2023-06-11,51,26.6,14.6,0.4,611,3
2023-06-11,63,24.4,15.4,10.3,611,7
2023-06-11,53,24.5,15.7,0.6,611,6
2023-06-11,53,28.8,15.0,0.8,611,1
2023-06-11,61,23.3,13.6,9.9,611,4
2023-06-11,55,22.5,15.6,5.0,611,10
2023-06-11,53,18.4,12.0,2.8,611,2
2023-06-11,61,26.7,14.5,3.9,611,5
2023-06-11,61,27.2,14.7,2.1,611,9
2023-06-12,61,21.4,16.1,8.5,612,10
2023-06-12,63,27.9,15.3,6.1,612,3
2023-06-12,61,26.0,16.1,2.7,612,9
2023-06-12,51,21.5,11.7,0.3,612,2
2023-06-12,51,25.7,12.8,0.4,612,4
2023-06-12,1,25.2,12.5,0.0,612,8
2023-06-12,53,24.4,14.4,0.6,612,6
2023-06-12,51,27.0,16.7,0.6,612,1
2023-06-12,63,24.0,16.4,15.9,612,7
2023-06-12,63,26.1,15.8,4.8,612,5
2023-06-13,2,26.0,17.7,0.0,613,6
2023-06-13,51,25.7,15.9,0.1,613,3
2023-06-13,0,25.8,14.1,0.0,613,1
2023-06-13,2,22.0,12.0,0.0,613,2
2023-06-13,1,26.6,13.2,0.0,613,4
2023-06-13,1,26.1,14.5,0.0,613,9
2023-06-13,1,25.4,14.8,0.0,613,5
2023-06-13,1,24.5,12.8,0.0,613,8
2023-06-13,51,25.5,15.4,0.2,613,10
2023-06-13,2,25.9,16.1,0.0,613,7
2023-06-14,1,23.8,14.0,0.0,614,10
2023-06-14,0,25.7,12.2,0.0,614,1
2023-06-14,0,25.5,11.0,0.0,614,9
2023-06-14,0,24.4,13.6,0.0,614,6
2023-06-14,2,25.1,11.9,0.0,614,4
2023-06-14,0,24.4,10.3,0.0,614,5
2023-06-14,3,22.0,10.8,0.0,614,2
2023-06-14,3,25.0,12.4,0.0,614,7
2023-06-14,0,21.8,10.0,0.0,614,8
2023-06-14,0,23.5,11.7,0.0,614,3
2023-06-15,1,22.6,9.9,0.0,615,8
2023-06-15,1,24.3,11.7,0.0,615,3
2023-06-15,3,24.6,15.7,0.0,615,7
2023-06-15,0,20.6,9.5,0.0,615,2
2023-06-15,2,23.8,12.0,0.0,615,5
2023-06-15,1,24.6,10.1,0.0,615,4
2023-06-15,1,25.3,11.9,0.0,615,1
2023-06-15,2,24.9,13.2,0.0,615,9
2023-06-15,2,23.6,16.0,0.0,615,10
2023-06-15,1,24.6,13.5,0.0,615,6
2023-06-16,51,24.4,14.0,0.1,616,10
2023-06-16,2,23.8,14.3,0.0,616,5
2023-06-16,1,21.5,11.3,0.0,616,2
2023-06-16,2,24.9,15.6,0.0,616,6
2023-06-16,3,24.8,13.3,0.0,616,3
2023-06-16,3,25.1,13.8,0.0,616,7
2023-06-16,1,24.2,9.2,0.0,616,8
2023-06-16,1,24.8,15.3,0.0,616,9
2023-06-16,51,24.5,12.2,0.3,616,4
2023-06-16,1,25.0,12.7,0.0,616,1
2023-06-17,53,21.7,15.6,5.5,617,10
2023-06-17,53,22.2,14.5,2.0,617,5
2023-06-17,53,22.7,16.1,4.7,617,7
2023-06-17,53,22.3,15.9,2.8,617,6
2023-06-17,51,24.4,12.5,0.3,617,1
2023-06-17,51,22.3,14.6,1.1,617,4
2023-06-17,3,19.7,12.9,0.0,617,2
2023-06-17,53,22.4,14.6,1.6,617,3
2023-06-17,51,21.3,10.5,0.5,617,8
2023-06-17,53,23.7,14.2,2.1,617,9
2023-06-18,61,22.0,15.2,5.6,618,7
2023-06-18,61,22.7,14.7,9.8,618,5
2023-06-18,63,24.2,13.7,25.5,618,3
2023-06-18,61,20.1,14.8,5.1,618,10
2023-06-18,63,22.9,13.6,6.0,618,4
2023-06-18,61,24.4,16.3,14.2,618,1
2023-06-18,61,22.2,10.8,6.9,618,8
2023-06-18,63,19.0,12.7,8.4,618,2
2023-06-18,61,23.8,15.2,18.1,618,6
2023-06-18,63,23.7,16.1,18.2,618,9
2023-06-19,63,20.1,14.2,13.7,619,2
2023-06-19,51,22.0,14.2,0.4,619,7
2023-06-19,51,22.4,14.3,0.4,619,1
2023-06-19,51,21.3,13.3,0.7,619,5
2023-06-19,51,20.8,14.8,0.3,619,10
2023-06-19,51,22.1,13.7,0.4,619,9
2023-06-19,63,19.1,14.2,25.2,619,4
2023-06-19,63,21.8,15.3,17.8,619,8
2023-06-19,53,21.3,15.0,0.6,619,6
2023-06-19,61,21.7,14.5,3.9,619,3
2023-06-20,53,19.2,13.9,1.5,620,2
2023-06-20,63,21.4,13.6,11.4,620,9
2023-06-20,61,18.7,14.4,7.8,620,6
2023-06-20,63,18.6,13.0,10.0,620,3
2023-06-20,61,20.8,13.6,3.8,620,4
2023-06-20,63,19.4,12.9,17.7,620,5
2023-06-20,63,18.4,13.9,15.2,620,8
2023-06-20,63,20.9,14.6,9.9,620,7
2023-06-20,63,20.2,14.5,8.7,620,10
2023-06-20,61,23.4,14.3,4.3,620,1
2023-06-21,51,20.6,14.5,0.2,621,6
2023-06-21,51,21.8,13.3,1.4,621,9
2023-06-21,51,21.7,12.5,0.1,621,8
2023-06-21,51,19.0,12.9,0.7,621,2
2023-06-21,51,21.1,12.0,1.4,621,3
2023-06-21,51,18.6,12.5,1.3,621,4
2023-06-21,51,21.5,13.9,1.4,621,7
2023-06-21,51,20.9,14.8,0.7,621,10
2023-06-21,51,21.6,12.9,1.2,621,5
2023-06-21,51,23.2,14.6,0.6,621,1
2023-06-22,51,22.6,13.6,0.7,622,7
2023-06-22,1,20.0,13.7,0.0,622,6
2023-06-22,51,22.1,14.1,0.8,622,3
2023-06-22,51,21.3,14.4,1.0,622,10
2023-06-22,2,21.4,12.1,0.0,622,2
2023-06-22,51,22.0,12.0,0.6,622,8
2023-06-22,2,24.4,13.6,0.0,622,1
2023-06-22,51,22.4,13.4,0.4,622,5
2023-06-22,2,20.5,10.3,0.0,622,4
2023-06-22,51,23.1,13.1,1.0,622,9
2023-06-23,3,22.8,14.5,0.0,623,7
2023-06-23,55,19.6,12.1,8.2,623,4
2023-06-23,3,21.7,15.0,0.0,623,10
2023-06-23,53,21.6,14.0,2.3,623,6
2023-06-23,55,20.5,12.5,6.2,623,2
2023-06-23,53,23.0,12.5,1.0,623,8
2023-06-23,3,21.3,12.7,0.0,623,5
2023-06-23,2,24.9,14.0,0.0,623,1
2023-06-23,3,23.2,14.2,0.0,623,9
2023-06-23,61,21.6,12.9,1.9,623,3
2023-06-24,51,23.9,16.8,0.6,624,5
2023-06-24,51,24.5,15.7,0.4,624,9
2023-06-24,51,24.2,16.6,0.6,624,7
2023-06-24,51,23.9,17.9,1.0,624,6
2023-06-24,53,23.5,16.3,0.9,624,2
2023-06-24,51,25.2,17.2,0.7,624,8
2023-06-24,53,22.7,16.2,2.9,624,4
2023-06-24,53,24.6,17.3,2.0,624,3
2023-06-24,51,23.3,17.3,0.4,624,10
2023-06-24,51,24.9,15.3,0.4,624,1
2023-06-25,61,20.0,13.6,7.7,625,4
2023-06-25,2,26.9,15.7,0.0,625,9
2023-06-25,61,24.1,15.1,6.3,625,6
2023-06-25,2,25.7,15.1,0.0,625,7
2023-06-25,63,25.2,14.3,9.0,625,3
2023-06-25,2,28.1,15.5,0.0,625,1
2023-06-25,51,25.5,14.9,1.1,625,5
2023-06-25,63,26.8,14.7,7.9,625,8
2023-06-25,51,23.5,15.5,0.2,625,10
2023-06-25,61,21.8,14.4,3.2,625,2
2023-06-26,3,19.4,14.1,0.0,626,7
2023-06-26,2,18.9,12.6,0.0,626,5
2023-06-26,51,18.2,12.9,0.9,626,3
2023-06-26,51,20.2,13.3,0.1,626,9
2023-06-26,51,18.1,13.2,0.1,626,8
2023-06-26,3,18.6,14.6,0.0,626,10
2023-06-26,51,21.9,14.0,0.2,626,1
2023-06-26,51,17.4,12.1,1.1,626,2
2023-06-26,61,16.6,11.3,4.2,626,4
2023-06-26,51,18.4,14.1,1.1,626,6
2023-06-27,61,20.4,14.5,4.8,627,6
2023-06-27,55,17.0,12.0,5.6,627,4
2023-06-27,61,19.3,13.0,2.7,627,3
2023-06-27,55,18.6,12.3,5.0,627,8
2023-06-27,51,19.6,13.0,1.2,627,9
2023-06-27,53,19.9,14.0,1.1,627,7
2023-06-27,55,17.1,12.1,4.3,627,2
2023-06-27,61,21.3,13.8,2.1,627,1
2023-06-27,55,19.1,12.0,2.3,627,5
2023-06-27,53,19.2,14.8,1.4,627,10
2023-06-28,53,21.8,16.8,1.4,628,7
2023-06-28,51,22.4,17.8,0.9,628,1
2023-06-28,53,15.7,11.2,3.2,628,4
2023-06-28,51,22.0,17.0,0.7,628,9
2023-06-28,51,21.3,15.3,1.5,628,5
2023-06-28,53,22.3,16.1,1.3,628,8
2023-06-28,53,20.9,14.1,2.8,628,3
2023-06-28,51,20.0,16.4,0.4,628,10
2023-06-28,53,20.4,14.6,3.0,628,6
2023-06-28,53,16.1,12.4,2.1,628,2
2023-06-29,51,16.6,10.0,0.2,629,2
2023-06-29,53,20.9,15.3,2.7,629,1
2023-06-29,51,19.0,14.2,0.3,629,10
2023-06-29,51,18.3,12.0,0.7,629,8
2023-06-29,3,17.2,11.9,0.0,629,3
2023-06-29,51,18.4,12.4,0.3,629,5
2023-06-29,53,19.6,13.8,2.3,629,9
2023-06-29,51,19.4,13.9,0.6,629,7
2023-06-29,51,16.8,13.6,0.2,629,6
2023-06-29,51,16.1,8.1,0.6,629,4
2023-06-30,53,17.7,11.1,1.2,630,9
2023-06-30,51,17.9,12.0,1.4,630,7
2023-06-30,53,16.4,10.3,1.9,630,8
2023-06-30,53,17.1,13.1,8.2,630,6
2023-06-30,51,17.1,10.2,0.4,630,5
2023-06-30,51,18.7,12.0,0.4,630,1
2023-06-30,53,14.9,13.0,5.2,630,4
2023-06-30,53,17.3,13.7,2.9,630,10
2023-06-30,61,15.6,12.9,4.1,630,2
2023-06-30,53,16.2,11.4,4.9,630,3
2023-07-01,3,18.8,13.7,0.0,701,5
2023-07-01,3,18.4,12.4,0.0,701,8
2023-07-01,3,16.3,11.8,0.0,701,2
2023-07-01,51,17.0,14.3,3.6,701,6
2023-07-01,51,20.4,16.7,0.4,701,1
2023-07-01,3,18.5,15.0,0.0,701,10
2023-07-01,51,15.1,11.5,2.5,701,4
2023-07-01,51,16.3,13.3,3.3,701,3
2023-07-01,51,19.5,14.2,0.1,701,7
2023-07-01,51,19.7,14.7,0.2,701,9
2023-07-02,3,17.6,12.3,0.0,702,7
2023-07-02,51,16.9,13.0,2.0,702,6
2023-07-02,3,16.9,11.4,0.0,702,5
2023-07-02,3,16.7,11.3,0.0,702,8
2023-07-02,3,18.3,11.5,0.0,702,9
2023-07-02,51,16.8,12.9,0.1,702,10
2023-07-02,3,19.7,12.7,0.0,702,1
2023-07-02,53,13.8,10.4,4.2,702,4
2023-07-02,51,14.8,10.6,0.3,702,2
2023-07-02,51,16.2,12.0,1.6,702,3
2023-07-03,51,18.2,12.1,0.8,703,7
2023-07-03,51,14.7,9.5,3.2,703,4
2023-07-03,51,19.6,12.5,0.6,703,1
2023-07-03,51,17.4,12.6,1.3,703,10
2023-07-03,51,18.4,11.6,0.4,703,9
2023-07-03,61,14.5,10.5,6.4,703,3
2023-07-03,61,15.2,12.1,6.6,703,6
2023-07-03,61,16.9,10.7,2.7,703,5
2023-07-03,51,14.5,10.0,0.5,703,2
2023-07-03,53,15.6,10.4,2.8,703,8
2023-07-04,61,17.9,12.6,9.4,704,1
2023-07-04,53,15.1,10.6,3.6,704,5
2023-07-04,63,15.6,11.9,13.8,704,9
2023-07-04,61,15.1,12.4,9.7,704,10
2023-07-04,51,17.1,11.4,1.5,704,6
2023-07-04,51,17.8,9.8,0.3,704,8
2023-07-04,61,15.6,11.8,10.3,704,7
2023-07-04,55,16.4,11.3,4.0,704,4
2023-07-04,51,17.2,10.2,0.3,704,3
2023-07-04,53,15.4,10.8,6.3,704,2
2023-07-05,51,17.9,9.7,0.4,705,9
2023-07-05,51,17.5,10.7,0.2,705,7
2023-07-05,51,15.5,9.8,0.5,705,4
2023-07-05,51,17.5,9.0,0.5,705,5
2023-07-05,51,16.1,9.4,1.7,705,3
2023-07-05,51,17.4,9.8,0.1,705,8
2023-07-05,2,16.5,12.0,0.0,705,10
2023-07-05,51,16.5,9.8,0.3,705,2
2023-07-05,55,19.4,10.9,3.1,705,1
2023-07-05,51,16.0,11.7,2.7,705,6
2023-07-06,61,17.1,11.2,8.3,706,2
2023-07-06,51,19.6,10.8,0.1,706,9
2023-07-06,63,16.1,11.3,15.4,706,4
2023-07-06,51,19.9,11.8,0.3,706,8
2023-07-06,51,19.0,11.8,0.1,706,7
2023-07-06,51,19.2,11.4,1.1,706,3
2023-07-06,51,18.9,10.5,0.4,706,5
2023-07-06,3,20.6,11.1,0.0,706,1
2023-07-06,51,19.0,13.3,1.0,706,10
2023-07-06,53,19.3,12.7,2.0,706,6
2023-07-07,2,24.5,12.5,0.0,707,5
2023-07-07,53,20.2,14.0,3.7,707,4
2023-07-07,3,23.8,15.2,0.0,707,6
2023-07-07,2,24.4,13.1,0.0,707,7
2023-07-07,1,27.4,10.8,0.0,707,1
2023-07-07,1,24.7,13.4,0.0,707,8
2023-07-07,3,23.5,14.2,0.0,707,10
2023-07-07,2,24.6,13.5,0.0,707,3
2023-07-07,0,25.3,11.7,0.0,707,9
2023-07-07,53,21.3,13.9,2.4,707,2
2023-07-08,61,25.1,18.4,3.3,708,1
2023-07-08,61,24.0,15.2,5.0,708,4
2023-07-08,53,20.9,15.7,2.8,708,10
2023-07-08,65,24.6,18.1,14.1,708,3
2023-07-08,61,25.1,16.3,6.8,708,8
2023-07-08,63,23.0,15.8,18.2,708,6
2023-07-08,55,22.8,14.8,4.8,708,2
2023-07-08,53,24.6,16.9,2.0,708,9
2023-07-08,63,22.4,15.7,9.8,708,7
2023-07-08,61,24.1,16.6,8.5,708,5
2023-07-09,51,21.8,15.0,1.4,709,8
2023-07-09,63,21.1,13.9,4.1,709,3
2023-07-09,51,22.0,13.6,0.5,709,9
2023-07-09,53,20.7,13.2,2.5,709,7
2023-07-09,53,20.0,13.7,2.3,709,4
2023-07-09,63,20.7,14.7,14.8,709,2
2023-07-09,53,20.8,13.1,4.3,709,6
2023-07-09,51,21.1,13.8,1.2,709,5
2023-07-09,61,19.6,12.8,5.7,709,10
2023-07-09,53,22.3,14.0,1.8,709,1
2023-07-10,63,18.0,11.2,21.2,710,4
2023-07-10,61,19.0,12.4,5.8,710,3
2023-07-10,61,20.6,12.9,2.1,710,9
2023-07-10,61,20.7,12.0,3.5,710,8
2023-07-10,63,20.1,13.7,15.1,710,10
2023-07-10,3,22.8,13.7,0.0,710,1
2023-07-10,61,19.3,12.0,4.3,710,5
2023-07-10,63,19.0,12.9,11.1,710,2
2023-07-10,61,19.3,13.4,9.0,710,6
2023-07-10,63,20.6,12.9,10.4,710,7
2023-07-11,61,17.7,12.8,5.4,711,4
2023-07-11,63,19.2,13.2,15.9,711,3
2023-07-11,55,18.6,14.6,4.2,711,10
2023-07-11,63,17.8,13.3,4.6,711,2
2023-07-11,61,18.7,13.9,7.2,711,6
2023-07-11,61,19.6,15.0,3.5,711,9
2023-07-11,63,20.0,13.1,12.0,711,8
2023-07-11,63,19.0,14.0,7.2,711,5
2023-07-11,55,19.3,14.2,2.4,711,7
2023-07-11,3,22.0,16.7,0.0,711,1
2023-07-12,51,18.9,13.4,1.2,712,7
2023-07-12,61,18.2,11.6,3.4,712,2
2023-07-12,53,19.0,11.6,1.2,712,5
2023-07-12,51,18.0,14.1,1.4,712,10
2023-07-12,53,17.7,12.7,2.8,712,3
2023-07-12,51,21.1,13.9,1.0,712,1
2023-07-12,51,17.7,13.7,1.9,712,6
2023-07-12,51,17.8,11.9,2.0,712,4
2023-07-12,51,19.7,12.6,1.8,712,9
2023-07-12,51,18.1,12.0,1.5,712,8
2023-07-13,53,16.0,11.7,1.9,713,4
2023-07-13,51,19.5,11.7,0.8,713,5
2023-07-13,51,19.0,13.9,0.4,713,7
2023-07-13,53,18.1,12.9,2.6,713,6
2023-07-13,51,17.9,11.8,0.1,713,3
2023-07-13,51,18.8,11.6,0.2,713,8
2023-07-13,51,20.0,13.2,0.8,713,9
2023-07-13,51,21.3,14.1,0.8,713,1
2023-07-13,51,16.7,11.8,0.7,713,2
2023-07-13,51,18.3,14.3,1.4,713,10
2023-07-14,61,19.2,14.3,9.5,714,1
2023-07-14,61,17.3,13.1,15.9,714,5
2023-07-14,61,17.8,13.6,15.2,714,9
2023-07-14,61,17.6,14.0,11.2,714,6
2023-07-14,61,17.0,13.2,10.8,714,3
2023-07-14,61,19.0,12.5,13.3,714,4
2023-07-14,63,18.6,14.4,18.8,714,7
2023-07-14,63,18.8,14.6,23.3,714,10
2023-07-14,61,17.7,11.5,13.4,714,8
2023-07-14,63,17.5,12.1,16.7,714,2
2023-07-15,63,18.3,13.7,9.8,715,3
2023-07-15,63,16.8,14.6,28.2,715,10
2023-07-15,61,17.9,13.5,5.3,715,2
2023-07-15,63,17.4,14.7,19.5,715,7
2023-07-15,61,18.0,13.9,9.5,715,4
2023-07-15,53,19.9,14.7,1.7,715,1
2023-07-15,61,17.3,14.1,6.1,715,5
2023-07-15,61,18.8,13.5,7.9,715,8
2023-07-15,61,18.4,14.6,4.9,715,9
2023-07-15,55,18.2,14.6,8.8,715,6
2023-07-16,61,17.9,12.7,12.9,716,3
2023-07-16,53,17.6,13.3,2.0,716,7
2023-07-16,51,18.0,13.4,0.8,716,9
2023-07-16,55,17.9,13.0,2.0,716,5
2023-07-16,55,17.6,13.9,7.0,716,6
2023-07-16,51,16.1,12.4,0.4,716,2
2023-07-16,53,15.1,11.7,2.3,716,4
2023-07-16,53,16.6,13.7,3.5,716,10
2023-07-16,3,19.9,14.1,0.0,716,1
2023-07-16,53,18.1,12.7,1.9,716,8
2023-07-17,53,15.5,11.1,2.0,717,4
2023-07-17,51,19.4,12.1,0.4,717,9
2023-07-17,51,18.5,11.3,0.8,717,5
2023-07-17,51,18.0,11.9,0.9,717,8
2023-07-17,55,17.2,12.7,5.6,717,6
2023-07-17,55,17.0,11.8,4.7,717,3
2023-07-17,51,18.2,12.4,0.5,717,7
2023-07-17,51,20.9,12.6,1.0,717,1
2023-07-17,51,17.4,12.8,3.1,717,10
2023-07-17,51,15.9,11.1,0.9,717,2
2023-07-18,55,19.0,11.9,2.7,718,9
2023-07-18,53,16.6,11.7,4.7,718,5
2023-07-18,53,18.9,11.9,1.7,718,7
2023-07-18,51,21.2,11.8,0.8,718,1
2023-07-18,51,16.8,10.4,0.3,718,2
2023-07-18,53,18.2,12.8,2.1,718,10
2023-07-18,53,15.8,13.2,6.7,718,6
2023-07-18,51,17.0,9.5,1.4,718,4
2023-07-18,55,16.5,10.6,5.2,718,3
2023-07-18,53,16.8,9.4,3.8,718,8
2023-07-19,53,18.9,12.6,1.5,719,5
2023-07-19,51,17.1,13.5,1.8,719,6
2023-07-19,61,18.6,12.2,6.4,719,8
2023-07-19,51,20.2,14.4,1.6,719,9
2023-07-19,2,17.5,9.3,0.0,719,2
2023-07-19,53,18.1,11.9,2.3,719,3
2023-07-19,51,20.6,14.4,0.8,719,7
2023-07-19,51,17.3,9.6,0.4,719,4
2023-07-19,51,20.0,14.4,0.1,719,10
2023-07-19,51,21.7,14.9,0.6,719,1
2023-07-20,51,15.4,8.5,0.6,720,4
2023-07-20,51,18.7,10.5,1.0,720,9
2023-07-20,51,18.4,11.0,0.4,720,10
2023-07-20,51,18.5,11.2,1.1,720,7
2023-07-20,51,16.4,12.4,0.1,720,6
2023-07-20,2,21.5,11.9,0.0,720,1
2023-07-20,51,18.0,10.0,0.2,720,8
2023-07-20,51,17.1,10.2,0.1,720,3
2023-07-20,53,17.8,10.0,1.6,720,5
2023-07-20,51,16.3,10.5,0.5,720,2
2023-07-21,51,16.6,9.3,0.9,721,4
2023-07-21,53,16.4,12.6,5.5,721,6
2023-07-21,53,17.3,9.7,0.9,721,5
2023-07-21,51,18.8,9.3,0.5,721,7
2023-07-21,51,18.1,11.7,0.8,721,10
2023-07-21,51,19.8,12.6,0.7,721,1
2023-07-21,51,18.3,10.1,0.5,721,9
2023-07-21,51,17.7,11.0,1.4,721,8
2023-07-21,51,16.9,10.2,0.6,721,2
2023-07-21,53,16.2,10.7,4.4,721,3
2023-07-22,61,16.7,12.5,16.4,722,3
2023-07-22,61,15.5,12.6,13.7,722,9
2023-07-22,61,16.4,14.3,24.6,722,10
2023-07-22,51,14.3,10.4,0.5,722,2
2023-07-22,61,15.4,12.3,18.4,722,5
2023-07-22,61,17.6,13.4,7.9,722,1
2023-07-22,51,15.2,11.0,0.7,722,4
2023-07-22,61,16.0,13.4,15.2,722,7
2023-07-22,63,17.9,13.6,21.3,722,6
2023-07-22,61,15.8,12.4,14.5,722,8
2023-07-23,53,22.0,15.9,1.8,723,1
2023-07-23,51,20.5,15.5,0.6,723,9
2023-07-23,61,15.6,13.1,25.7,723,8
2023-07-23,51,18.6,14.9,1.5,723,10
2023-07-23,61,16.6,12.9,30.5,723,3
2023-07-23,61,17.3,13.6,29.5,723,6
2023-07-23,51,15.9,11.4,1.8,723,2
2023-07-23,51,19.6,14.5,2.8,723,5
2023-07-23,51,17.5,11.5,1.9,723,4
2023-07-23,51,19.6,14.6,0.8,723,7
2023-07-24,61,17.8,11.0,5.7,724,3
2023-07-24,61,16.2,11.7,2.8,724,6
2023-07-24,3,15.9,8.6,0.0,724,2
2023-07-24,53,17.9,13.2,3.0,724,9
2023-07-24,53,18.1,13.0,1.8,724,7
2023-07-24,61,16.3,10.9,6.0,724,8
2023-07-24,61,17.7,12.2,10.3,724,5
2023-07-24,51,18.4,14.6,1.0,724,1
2023-07-24,51,16.2,7.8,0.1,724,4
2023-07-24,53,18.2,13.6,3.5,724,10
2023-07-25,51,16.3,11.8,1.1,725,6
2023-07-25,51,16.6,9.2,0.7,725,3
2023-07-25,51,17.8,11.7,0.5,725,10
2023-07-25,55,15.6,10.4,2.9,725,4
2023-07-25,53,16.1,10.6,1.8,725,2
2023-07-25,51,19.0,11.0,0.1,725,1
2023-07-25,51,16.7,10.0,1.0,725,5
2023-07-25,51,18.4,10.8,0.2,725,7
2023-07-25,61,18.0,8.1,4.8,725,8
2023-07-25,51,17.7,10.9,0.5,725,9
2023-07-26,61,20.1,11.4,5.6,726,8
2023-07-26,53,18.3,10.4,2.3,726,2
2023-07-26,61,20.9,10.2,7.9,726,1
2023-07-26,53,17.9,9.4,5.1,726,7
2023-07-26,63,19.1,12.3,14.5,726,6
2023-07-26,61,19.1,10.2,9.0,726,3
2023-07-26,61,19.3,8.5,8.7,726,9
2023-07-26,61,18.4,8.8,12.5,726,5
2023-07-26,61,18.6,11.0,8.7,726,4
2023-07-26,61,17.1,9.9,9.5,726,10
2023-07-27,53,19.0,15.8,4.4,727,6
2023-07-27,61,17.0,13.2,6.7,727,2
2023-07-27,51,19.5,16.4,0.6,727,10
2023-07-27,61,18.5,14.7,4.6,727,3
2023-07-27,61,20.6,15.8,7.6,727,1
2023-07-27,53,21.8,14.9,1.9,727,5
2023-07-27,53,21.6,15.6,2.2,727,9
2023-07-27,55,16.9,13.7,4.9,727,4
2023-07-27,53,19.9,14.0,2.8,727,8
2023-07-27,51,20.3,16.1,0.5,727,7
2023-07-28,51,20.1,15.1,0.1,728,5
2023-07-28,51,20.1,14.7,1.4,728,7
2023-07-28,51,20.5,15.6,0.2,728,6
2023-07-28,51,19.2,15.2,1.2,728,10
2023-07-28,51,20.6,13.8,0.5,728,3
2023-07-28,51,21.5,13.1,0.4,728,8
2023-07-28,51,21.0,15.6,0.4,728,1
2023-07-28,51,18.0,13.3,1.0,728,4
2023-07-28,51,19.3,13.2,1.7,728,2
2023-07-28,51,20.7,14.8,0.4,728,9
2023-07-29,51,19.2,13.8,0.2,729,5
2023-07-29,51,19.9,14.6,0.4,729,9
2023-07-29,51,18.6,14.1,0.9,729,3
2023-07-29,51,18.7,14.7,1.1,729,6
2023-07-29,55,17.4,12.4,9.0,729,4
2023-07-29,51,21.5,15.5,0.5,729,1
2023-07-29,51,17.9,14.5,1.2,729,10
2023-07-29,51,18.9,14.5,0.6,729,7
2023-07-29,51,19.0,14.5,0.2,729,8
2023-07-29,53,18.1,13.0,4.2,729,2
2023-07-30,51,18.0,14.3,3.2,730,7
2023-07-30,61,17.8,12.8,5.8,730,3
2023-07-30,53,20.5,14.5,3.1,730,1
2023-07-30,55,18.5,13.1,4.2,730,5
2023-07-30,53,19.1,14.2,2.8,730,9
2023-07-30,61,17.2,11.9,8.4,730,4
2023-07-30,61,18.1,12.9,5.1,730,8
2023-07-30,53,17.9,12.1,1.8,730,2
2023-07-30,61,18.0,14.1,7.4,730,6
2023-07-30,53,17.4,14.5,4.8,730,10
2023-07-31,55,15.1,12.7,10.7,731,4
2023-07-31,53,17.3,15.3,3.1,731,10
2023-07-31,53,20.5,15.5,1.6,731,1
2023-07-31,61,17.4,14.5,12.1,731,6
2023-07-31,53,17.3,13.9,1.8,731,5
2023-07-31,53,17.9,14.9,3.5,731,7
2023-07-31,61,18.2,14.0,10.7,731,8
2023-07-31,55,16.5,13.7,12.3,731,3
2023-07-31,61,15.4,11.6,10.9,731,2
2023-07-31,53,18.0,14.4,0.9,731,9
2023-08-01,61,18.0,14.1,5.4,801,10
2023-08-01,53,17.7,14.1,3.2,801,6
2023-08-01,61,18.7,13.5,3.0,801,7
2023-08-01,53,17.1,13.8,2.4,801,4
2023-08-01,53,18.9,12.7,0.8,801,5
2023-08-01,53,16.9,13.4,2.6,801,3
2023-08-01,51,18.2,13.6,1.5,801,8
2023-08-01,51,16.4,13.3,1.1,801,2
2023-08-01,51,19.5,13.2,0.6,801,9
2023-08-01,53,20.8,13.9,0.7,801,1
2023-08-02,61,16.4,13.6,17.0,802,3
2023-08-02,51,15.4,12.7,3.6,802,2
2023-08-02,63,17.8,14.0,17.6,802,6
2023-08-02,63,19.3,13.6,10.4,802,5
2023-08-02,61,18.5,15.1,10.6,802,7
2023-08-02,63,18.7,15.1,11.6,802,10
2023-08-02,63,17.6,14.8,11.7,802,9
2023-08-02,53,17.2,13.6,6.5,802,4
2023-08-02,61,18.9,15.4,11.0,802,1
2023-08-02,63,15.1,13.0,26.2,802,8
2023-08-03,61,17.5,12.1,4.5,803,2
2023-08-03,51,17.9,11.9,0.6,803,5
2023-08-03,51,18.7,14.8,1.0,803,10
2023-08-03,51,20.7,13.5,0.3,803,1
2023-08-03,51,17.9,11.2,0.2,803,4
2023-08-03,51,16.8,13.4,1.4,803,6
2023-08-03,51,19.4,13.2,0.5,803,9
2023-08-03,51,18.2,10.6,0.8,803,3
2023-08-03,53,18.9,14.4,1.3,803,7
2023-08-03,53,18.6,12.6,1.5,803,8
2023-08-04,51,17.9,13.8,0.3,804,9
2023-08-04,3,17.6,13.0,0.0,804,10
2023-08-04,51,16.1,13.7,1.1,804,6
2023-08-04,51,15.7,11.0,0.3,804,4
2023-08-04,53,15.6,12.4,3.9,804,8
2023-08-04,63,19.4,13.6,3.7,804,1
2023-08-04,51,17.0,12.8,0.5,804,5
2023-08-04,3,16.0,12.2,0.0,804,2
2023-08-04,53,18.1,13.1,0.8,804,7
2023-08-04,53,16.7,12.4,1.3,804,3
2023-08-05,61,14.9,10.6,4.8,805,2
2023-08-05,61,16.2,10.2,9.9,805,4
2023-08-05,55,16.2,11.3,7.8,805,8
2023-08-05,63,18.5,12.9,13.5,805,1
2023-08-05,63,17.2,11.5,16.8,805,9
2023-08-05,63,18.6,12.6,12.5,805,7
2023-08-05,63,18.7,12.9,11.2,805,10
2023-08-05,61,13.2,10.6,14.9,805,5
2023-08-05,55,15.3,10.5,10.3,805,3
2023-08-05,61,14.7,11.7,13.2,805,6
2023-08-06,51,18.1,10.7,0.8,806,7
2023-08-06,53,16.6,8.5,2.3,806,3
2023-08-06,51,18.0,10.6,0.8,806,1
2023-08-06,61,16.4,8.4,9.5,806,2
2023-08-06,51,17.8,9.9,0.7,806,9
2023-08-06,51,16.9,8.8,0.5,806,4
2023-08-06,51,16.5,10.2,0.4,806,8
2023-08-06,51,16.2,12.0,2.8,806,6
2023-08-06,51,16.8,9.4,0.4,806,5
2023-08-06,51,17.7,11.9,0.7,806,10
2023-08-07,51,17.7,8.6,0.5,807,8
2023-08-07,51,16.4,10.9,0.2,807,3
2023-08-07,3,18.5,10.5,0.0,807,9
2023-08-07,51,16.5,9.3,0.3,807,2
2023-08-07,3,17.3,10.3,0.0,807,5
2023-08-07,3,19.7,10.7,0.0,807,1
2023-08-07,3,17.4,11.4,0.0,807,10
2023-08-07,51,15.3,9.4,1.2,807,4
2023-08-07,51,16.5,12.5,1.2,807,6
2023-08-07,51,18.1,9.2,0.1,807,7
2023-08-08,53,17.2,11.8,3.3,808,9
2023-08-08,51,17.5,11.3,0.7,808,3
2023-08-08,51,16.7,9.8,0.1,808,2
2023-08-08,51,17.2,12.8,1.3,808,6
2023-08-08,53,17.1,11.7,1.8,808,1
2023-08-08,2,16.2,9.6,0.0,808,4
2023-08-08,53,18.3,14.0,3.2,808,10
2023-08-08,51,17.0,11.0,1.4,808,5
2023-08-08,2,18.4,11.2,0.0,808,8
2023-08-08,53,18.1,12.6,2.2,808,7
2023-08-09,3,21.3,8.2,0.0,809,5
2023-08-09,3,20.8,11.5,0.0,809,6
2023-08-09,3,20.3,9.5,0.0,809,3
2023-08-09,3,17.3,9.6,0.0,809,2
2023-08-09,3,21.6,11.0,0.0,809,9
2023-08-09,3,20.5,13.1,0.0,809,10
2023-08-09,3,20.8,9.5,0.0,809,8
2023-08-09,2,22.2,11.9,0.0,809,1
2023-08-09,3,21.6,13.8,0.0,809,7
2023-08-09,3,17.6,8.9,0.0,809,4
2023-08-10,51,23.4,14.9,0.4,810,10
2023-08-10,3,24.7,15.2,0.0,810,3
2023-08-10,51,24.9,16.0,0.3,810,6
2023-08-10,51,23.0,15.1,0.8,810,4
2023-08-10,51,24.7,15.2,0.1,810,5
2023-08-10,51,24.9,14.2,0.1,810,7
2023-08-10,1,25.5,12.7,0.0,810,1
2023-08-10,2,25.2,14.1,0.0,810,9
2023-08-10,51,21.7,14.7,0.6,810,2
2023-08-10,51,24.2,15.0,0.1,810,8
2023-08-11,3,21.7,15.8,0.0,811,8
2023-08-11,3,21.5,15.7,0.0,811,5
2023-08-11,53,21.4,16.3,0.9,811,6
2023-08-11,51,22.0,15.5,0.4,811,7
2023-08-11,51,21.3,15.7,0.1,811,3
2023-08-11,3,22.9,16.5,0.0,811,9
2023-08-11,61,19.3,15.8,6.0,811,4
2023-08-11,51,23.4,16.1,0.4,811,1
2023-08-11,51,20.7,16.2,0.4,811,10
2023-08-11,53,19.5,15.7,2.7,811,2
2023-08-12,55,18.8,15.5,4.3,812,10
2023-08-12,53,19.5,15.5,2.5,812,6
2023-08-12,53,20.0,14.7,1.7,812,7
2023-08-12,63,18.9,14.3,12.9,812,4
2023-08-12,63,20.0,14.0,6.1,812,8
2023-08-12,63,20.4,14.4,5.0,812,3
2023-08-12,53,20.0,13.8,1.2,812,5
2023-08-12,51,20.4,13.7,1.3,812,9
2023-08-12,53,19.1,15.0,2.6,812,2
2023-08-12,51,21.2,13.8,0.3,812,1
2023-08-13,61,18.0,12.8,8.5,813,4
2023-08-13,53,18.9,14.7,1.7,813,3
2023-08-13,53,17.9,13.4,2.1,813,2
2023-08-13,51,20.1,15.4,0.4,813,9
2023-08-13,51,19.0,15.1,1.2,813,6
2023-08-13,51,19.6,14.3,0.6,813,8
2023-08-13,51,19.1,14.5,0.3,813,5
2023-08-13,53,21.5,15.7,0.9,813,1
2023-08-13,53,18.2,15.2,2.1,813,10
2023-08-13,51,19.2,15.1,0.6,813,7
2023-08-14,51,18.9,12.8,1.7,814,4
2023-08-14,61,19.5,15.4,19.2,814,6
2023-08-14,61,19.6,15.0,14.6,814,3
2023-08-14,61,20.5,14.0,5.4,814,9
2023-08-14,61,20.8,15.2,6.0,814,1
2023-08-14,61,20.1,14.4,11.0,814,8
2023-08-14,63,18.5,14.6,19.1,814,10
2023-08-14,55,20.2,14.0,7.4,814,5
2023-08-14,61,20.2,13.8,10.0,814,7
2023-08-14,51,18.1,13.5,0.4,814,2
2023-08-15,53,19.5,12.4,1.1,815,4
2023-08-15,51,21.9,11.7,0.1,815,1
2023-08-15,63,20.0,11.5,7.8,815,2
2023-08-15,51,19.9,11.9,0.7,815,5
2023-08-15,51,19.7,14.4,0.5,815,10
2023-08-15,51,20.6,12.9,0.8,815,7
2023-08-15,51,20.5,13.6,0.8,815,8
2023-08-15,51,20.8,12.0,0.2,815,9
2023-08-15,51,18.7,12.4,0.7,815,3
2023-08-15,51,17.9,14.2,1.0,815,6
2023-08-16,51,16.9,12.3,1.7,816,2
2023-08-16,51,22.1,11.9,0.1,816,7
2023-08-16,51,22.0,12.0,0.2,816,9
2023-08-16,51,20.9,10.8,0.8,816,8
2023-08-16,3,21.2,10.1,0.0,816,5
2023-08-16,3,20.6,12.0,0.0,816,3
2023-08-16,51,18.9,11.7,0.4,816,4
2023-08-16,51,18.8,11.8,0.1,816,6
2023-08-16,51,22.9,12.2,0.6,816,1
2023-08-16,2,21.4,12.3,0.0,816,10
2023-08-17,51,17.4,13.4,0.2,817,2
2023-08-17,51,19.5,12.6,1.5,817,4
2023-08-17,51,21.5,13.3,0.1,817,6
2023-08-17,51,21.0,13.9,0.3,817,3
2023-08-17,3,22.5,15.4,0.0,817,1
2023-08-17,51,19.3,13.2,0.1,817,8
2023-08-17,51,22.3,14.0,0.2,817,9
2023-08-17,51,22.0,14.4,0.3,817,10
2023-08-17,51,22.6,13.9,0.1,817,7
2023-08-17,51,21.7,13.0,0.3,817,5
2023-08-18,63,20.4,14.4,8.9,818,5
2023-08-18,51,16.0,12.6,0.3,818,2
2023-08-18,61,20.8,15.6,8.8,818,9
2023-08-18,61,20.1,14.3,6.1,818,6
2023-08-18,55,18.4,12.1,2.1,818,4
2023-08-18,61,19.3,13.1,2.5,818,3
2023-08-18,55,20.9,16.6,9.8,818,7
2023-08-18,61,22.4,16.7,4.3,818,1
2023-08-18,53,18.9,12.6,1.0,818,8
2023-08-18,55,20.2,16.2,12.8,818,10
2023-08-19,61,19.4,15.2,10.3,819,4
2023-08-19,51,21.0,15.7,1.8,819,7
2023-08-19,51,19.9,16.3,1.3,819,10
2023-08-19,61,20.9,16.4,1.5,819,6
2023-08-19,61,22.4,16.0,1.9,819,1
2023-08-19,61,19.7,14.9,8.4,819,2
2023-08-19,61,22.2,16.0,4.4,819,8
2023-08-19,53,20.9,15.4,1.2,819,5
2023-08-19,61,21.5,15.7,2.3,819,3
2023-08-19,55,21.7,16.0,1.5,819,9
2023-08-20,51,21.2,13.6,0.5,820,5
2023-08-20,51,21.5,14.6,0.9,820,7
2023-08-20,3,19.7,15.1,0.0,820,2
2023-08-20,3,21.9,14.1,0.0,820,9
2023-08-20,51,22.9,14.1,0.2,820,1
2023-08-20,51,19.1,14.8,0.6,820,4
2023-08-20,51,20.8,14.1,1.2,820,3
2023-08-20,51,20.6,15.1,0.5,820,10
2023-08-20,51,21.1,13.5,0.3,820,8
2023-08-20,51,20.8,14.9,0.7,820,6
2023-08-21,51,21.3,13.6,0.6,821,6
2023-08-21,51,20.8,12.0,0.7,821,5
2023-08-21,51,19.3,14.9,1.1,821,4
2023-08-21,51,20.9,11.8,1.8,821,3
2023-08-21,51,20.1,15.2,0.1,821,2
2023-08-21,2,23.6,13.0,0.0,821,1
2023-08-21,51,21.5,11.7,0.3,821,8
2023-08-21,51,21.3,13.1,0.1,821,7
2023-08-21,51,20.8,14.5,1.0,821,10
2023-08-21,3,21.6,12.8,0.0,821,9
2023-08-22,3,20.2,14.1,0.0,822,7
2023-08-22,51,20.5,14.3,0.1,822,8
2023-08-22,53,17.8,13.4,4.0,822,4
2023-08-22,51,19.6,14.7,1.4,822,3
2023-08-22,51,18.1,14.2,0.8,822,2
2023-08-22,3,23.5,14.5,0.0,822,1
2023-08-22,51,20.0,15.8,0.5,822,6
2023-08-22,3,21.6,14.9,0.0,822,9
2023-08-22,51,20.4,15.0,0.6,822,5
2023-08-22,51,19.0,15.1,0.7,822,10
2023-08-23,1,24.1,12.3,0.0,823,1
2023-08-23,51,19.8,13.4,0.8,823,3
2023-08-23,51,20.4,13.0,0.2,823,8
2023-08-23,51,20.5,13.0,0.2,823,5
2023-08-23,51,22.1,12.9,0.5,823,7
2023-08-23,51,21.1,14.7,0.2,823,10
2023-08-23,3,22.9,12.9,0.0,823,9
2023-08-23,53,17.8,12.1,1.0,823,2
2023-08-23,51,19.8,14.8,1.7,823,6
2023-08-23,51,17.7,12.0,2.3,823,4
2023-08-24,51,22.8,14.0,0.4,824,9
2023-08-24,51,19.0,12.4,0.7,824,5
2023-08-24,55,23.4,15.6,2.5,824,1
2023-08-24,61,15.5,11.9,4.8,824,4
2023-08-24,51,17.6,11.2,0.4,824,3
2023-08-24,51,19.3,11.8,0.3,824,8
2023-08-24,3,19.8,13.5,0.0,824,10
2023-08-24,51,21.2,13.6,0.1,824,7
2023-08-24,51,16.4,12.7,1.3,824,2
2023-08-24,51,16.8,13.3,0.6,824,6
2023-08-25,63,16.2,10.2,8.9,825,4
2023-08-25,3,20.1,14.2,0.0,825,1
2023-08-25,61,16.9,12.3,6.0,825,10
2023-08-25,63,17.6,9.4,6.0,825,5
2023-08-25,61,17.1,10.2,4.6,825,8
2023-08-25,51,15.8,11.6,3.1,825,2
2023-08-25,61,17.4,10.2,3.6,825,7
2023-08-25,61,16.3,12.8,9.6,825,6
2023-08-25,61,15.9,11.2,4.7,825,3
2023-08-25,61,18.3,11.1,2.3,825,9
2023-08-26,61,17.5,11.9,7.7,826,7
2023-08-26,55,16.6,12.3,4.7,826,10
2023-08-26,55,16.5,12.1,6.7,826,6
2023-08-26,53,17.0,10.2,3.5,826,8
2023-08-26,61,19.4,12.3,4.0,826,1
2023-08-26,51,16.9,10.8,0.9,826,2
2023-08-26,61,16.6,10.0,5.4,826,5
2023-08-26,61,17.7,10.9,5.5,826,9
2023-08-26,61,17.7,8.9,4.0,826,4
2023-08-26,55,16.7,11.4,4.2,826,3
2023-08-27,51,17.8,10.7,0.7,827,9
2023-08-27,63,18.1,9.5,6.8,827,8
2023-08-27,51,16.8,10.8,0.3,827,5
2023-08-27,51,16.6,11.5,0.2,827,4
2023-08-27,51,16.8,11.2,1.2,827,2
2023-08-27,51,17.4,11.0,0.5,827,7
2023-08-27,51,16.6,12.8,0.4,827,10
2023-08-27,61,16.1,13.0,7.6,827,6
2023-08-27,61,16.2,9.5,4.2,827,3
2023-08-27,51,18.7,11.3,0.5,827,1
2023-08-28,51,16.1,10.2,0.3,828,4
2023-08-28,51,16.4,11.6,0.4,828,3
2023-08-28,51,16.3,13.7,2.3,828,6
2023-08-28,51,17.4,12.3,0.2,828,9
2023-08-28,51,17.8,11.4,0.4,828,7
2023-08-28,51,18.9,11.9,0.3,828,1
2023-08-28,51,16.6,11.8,0.2,828,5
2023-08-28,51,17.4,13.1,0.1,828,10
2023-08-28,51,17.6,10.3,0.2,828,8
2023-08-28,51,16.5,10.7,0.1,828,2
2023-08-29,53,17.3,10.5,2.8,829,5
2023-08-29,51,17.5,9.9,1.1,829,7
2023-08-29,51,17.7,11.1,0.6,829,8
2023-08-29,51,17.2,12.4,1.1,829,10
2023-08-29,51,20.1,12.7,0.4,829,1
2023-08-29,55,16.5,11.8,3.3,829,3
2023-08-29,3,15.7,11.1,0.0,829,2
2023-08-29,51,18.2,10.6,1.5,829,9
2023-08-29,51,14.5,10.5,2.2,829,4
2023-08-29,53,16.4,13.4,4.5,829,6
2023-08-30,2,16.4,9.2,0.0,830,8
2023-08-30,55,16.1,12.3,5.9,830,6
2023-08-30,3,17.4,12.1,0.0,830,10
2023-08-30,51,18.3,11.9,0.7,830,1
2023-08-30,51,16.7,8.1,0.1,830,4
2023-08-30,51,16.5,9.9,0.6,830,5
2023-08-30,51,18.2,10.8,0.3,830,7
2023-08-30,51,17.8,10.3,0.5,830,9
2023-08-30,3,16.6,9.2,0.0,830,2
2023-08-30,51,16.8,11.1,1.2,830,3
2023-08-31,61,17.6,12.3,7.7,831,10
2023-08-31,55,15.6,9.0,1.7,831,9
2023-08-31,53,16.7,10.5,2.8,831,6
2023-08-31,53,17.7,8.7,2.5,831,3
2023-08-31,3,16.2,8.2,0.0,831,2
2023-08-31,51,18.7,6.8,1.2,831,8
2023-08-31,51,16.5,9.9,1.0,831,1
2023-08-31,61,17.3,11.0,7.0,831,7
2023-08-31,51,17.4,8.0,0.7,831,4
2023-08-31,53,14.8,7.7,0.9,831,5
2023-09-01,51,19.5,12.9,0.1,901,5
2023-09-01,51,19.7,13.6,0.4,901,6
2023-09-01,63,21.2,15.3,12.4,901,1
2023-09-01,51,20.4,14.0,1.6,901,9
2023-09-01,51,17.7,9.9,0.1,901,4
2023-09-01,51,18.0,13.1,1.0,901,8
2023-09-01,51,16.0,10.8,0.4,901,2
2023-09-01,51,18.9,13.7,0.7,901,10
2023-09-01,51,19.2,13.7,1.6,901,3
2023-09-01,51,20.0,13.2,0.4,901,7
2023-09-02,51,20.6,13.4,0.3,902,3
2023-09-02,51,21.6,12.6,0.4,902,7
2023-09-02,51,20.2,13.4,0.1,902,8
2023-09-02,3,20.5,13.2,0.0,902,5
2023-09-02,51,22.7,15.1,0.5,902,1
2023-09-02,51,22.1,14.6,0.4,902,9
2023-09-02,51,20.8,13.4,0.1,902,6
2023-09-02,3,19.5,8.7,0.0,902,2
2023-09-02,51,20.6,12.8,0.3,902,10
2023-09-02,3,19.0,9.3,0.0,902,4
2023-09-03,3,23.7,12.9,0.0,903,1
2023-09-03,2,19.0,14.5,0.0,903,2
2023-09-03,1,22.6,11.3,0.0,903,8
2023-09-03,1,22.1,11.1,0.0,903,3
2023-09-03,3,21.8,12.0,0.0,903,6
2023-09-03,3,23.6,12.7,0.0,903,7
2023-09-03,3,23.1,12.7,0.0,903,9
2023-09-03,1,23.0,13.4,0.0,903,10
2023-09-03,3,17.5,14.0,0.0,903,4
2023-09-03,3,22.7,12.2,0.0,903,5
2023-09-04,0,27.0,15.1,0.0,904,7
2023-09-04,0,26.0,15.7,0.0,904,10
2023-09-04,0,26.0,12.4,0.0,904,5
2023-09-04,0,25.1,12.4,0.0,904,6
2023-09-04,3,20.8,14.1,0.0,904,2
2023-09-04,1,26.6,14.2,0.0,904,9
2023-09-04,0,24.9,12.1,0.0,904,8
2023-09-04,3,20.3,14.0,0.0,904,4
2023-09-04,1,25.9,14.3,0.0,904,1
2023-09-04,1,25.3,12.4,0.0,904,3
2023-09-05,0,23.8,14.8,0.0,905,6
2023-09-05,0,25.5,13.5,0.0,905,5
2023-09-05,0,23.3,13.9,0.0,905,3
2023-09-05,3,23.0,10.6,0.0,905,8
2023-09-05,0,25.9,15.4,0.0,905,10
2023-09-05,0,26.5,16.0,0.0,905,1
2023-09-05,0,27.1,14.6,0.0,905,9
2023-09-05,0,27.2,14.9,0.0,905,7
2023-09-05,3,21.2,9.7,0.0,905,4
2023-09-05,3,18.4,10.7,0.0,905,2
2023-09-06,3,23.6,12.5,0.0,906,4
2023-09-06,2,26.2,14.0,0.0,906,5
2023-09-06,3,27.5,15.1,0.0,906,7
2023-09-06,3,25.7,15.7,0.0,906,10
2023-09-06,1,24.8,15.4,0.0,906,6
2023-09-06,3,21.2,12.8,0.0,906,2
2023-09-06,1,28.0,14.0,0.0,906,9
2023-09-06,3,25.6,13.7,0.0,906,3
2023-09-06,3,24.9,12.0,0.0,906,8
2023-09-06,1,28.9,14.5,0.0,906,1
2023-09-07,1,28.0,16.5,0.0,907,1
2023-09-07,3,25.3,17.4,0.0,907,3
2023-09-07,1,28.6,17.7,0.0,907,9
2023-09-07,1,25.1,14.8,0.0,907,8
2023-09-07,51,27.8,18.4,0.1,907,7
2023-09-07,51,24.6,16.9,0.1,907,6
2023-09-07,51,25.8,12.9,0.5,907,4
2023-09-07,2,27.0,17.2,0.0,907,5
2023-09-07,3,21.6,13.5,0.0,907,2
2023-09-07,51,26.1,18.0,0.1,907,10
2023-09-08,3,26.0,14.8,0.0,908,3
2023-09-08,3,25.1,15.6,0.0,908,6
2023-09-08,51,27.7,18.6,0.1,908,7
2023-09-08,51,25.3,17.6,0.4,908,10
2023-09-08,2,27.1,15.2,0.0,908,5
2023-09-08,51,25.0,15.5,0.1,908,4
2023-09-08,3,24.2,14.0,0.0,908,2
2023-09-08,3,24.8,13.9,0.0,908,8
2023-09-08,1,28.5,16.9,0.0,908,9
2023-09-08,2,28.7,17.4,0.0,908,1
2023-09-09,51,27.4,15.9,0.2,909,8
2023-09-09,55,26.8,17.7,1.6,909,5
2023-09-09,51,29.1,17.4,0.1,909,9
2023-09-09,51,25.4,17.7,0.2,909,10
2023-09-09,51,21.0,16.1,0.2,909,4
2023-09-09,51,22.1,15.4,0.2,909,2
2023-09-09,51,23.1,17.2,0.3,909,6
2023-09-09,1,30.2,18.4,0.0,909,1
2023-09-09,3,27.5,17.5,0.0,909,7
2023-09-09,3,25.0,17.0,0.0,909,3
2023-09-10,63,22.5,17.6,10.3,910,10
2023-09-10,63,25.0,15.9,15.4,910,3
2023-09-10,51,25.0,16.7,0.9,910,8
2023-09-10,63,26.3,17.1,8.8,910,5
2023-09-10,51,29.9,18.0,0.1,910,1
2023-09-10,63,22.3,15.8,11.3,910,4
2023-09-10,55,21.9,15.1,6.0,910,2
2023-09-10,63,24.0,16.3,11.3,910,6
2023-09-10,63,25.2,17.5,7.0,910,7
2023-09-10,63,28.2,17.8,6.0,910,9
2023-09-11,51,21.5,16.3,0.5,911,7
2023-09-11,51,17.3,11.2,0.9,911,4
2023-09-11,55,19.9,15.4,5.9,911,3
2023-09-11,53,22.0,16.6,2.6,911,5
2023-09-11,61,21.9,15.8,5.3,911,8
2023-09-11,3,24.7,17.4,0.0,911,1
2023-09-11,53,17.8,12.7,3.1,911,2
2023-09-11,51,20.3,16.6,0.9,911,10
2023-09-11,51,22.7,17.0,0.3,911,9
2023-09-11,55,19.2,15.8,7.4,911,6
2023-09-12,61,15.7,11.2,17.6,912,8
2023-09-12,3,16.0,7.7,0.0,912,4
2023-09-12,3,15.6,9.3,0.0,912,2
2023-09-12,51,20.6,14.5,1.2,912,9
2023-09-12,61,15.6,12.7,12.7,912,6
2023-09-12,51,19.5,14.4,2.3,912,10
2023-09-12,61,18.0,12.9,9.5,912,5
2023-09-12,53,20.6,14.6,1.0,912,7
2023-09-12,61,15.2,11.0,15.2,912,3
2023-09-12,53,22.5,15.7,2.3,912,1
2023-09-13,3,17.2,9.3,0.0,913,5
2023-09-13,51,17.3,9.4,0.7,913,6
2023-09-13,53,14.1,9.5,3.5,913,2
2023-09-13,3,18.8,11.2,0.0,913,7
2023-09-13,3,16.2,10.5,0.0,913,8
2023-09-13,3,18.9,10.7,0.0,913,9
2023-09-13,3,16.8,8.8,0.0,913,3
2023-09-13,61,14.1,9.3,10.6,913,4
2023-09-13,2,18.1,11.7,0.0,913,10
2023-09-13,3,19.7,12.8,0.0,913,1
2023-09-14,3,19.1,13.7,0.0,914,7
2023-09-14,53,18.0,13.9,3.5,914,3
2023-09-14,51,15.3,11.0,1.3,914,4
2023-09-14,51,15.9,12.0,0.3,914,2
2023-09-14,51,18.2,13.5,1.7,914,5
2023-09-14,53,18.1,14.6,4.5,914,6
2023-09-14,3,22.4,13.3,0.0,914,1
2023-09-14,51,18.0,14.7,0.8,914,10
2023-09-14,51,19.1,13.9,0.9,914,8
2023-09-14,3,20.6,13.7,0.0,914,9
2023-09-15,3,21.7,11.8,0.0,915,9
2023-09-15,61,13.3,10.9,12.2,915,2
2023-09-15,61,20.2,13.6,6.5,915,8
2023-09-15,53,19.4,13.6,3.7,915,6
2023-09-15,51,23.8,11.9,0.2,915,1
2023-09-15,55,13.3,10.3,12.1,915,4
2023-09-15,3,20.1,14.0,0.0,915,10
2023-09-15,3,20.7,12.7,0.0,915,7
2023-09-15,3,20.7,12.9,0.0,915,5
2023-09-15,53,19.7,14.0,2.7,915,3
2023-09-16,61,19.3,13.3,9.9,916,7
2023-09-16,61,14.2,10.4,8.7,916,4
2023-09-16,53,17.6,13.1,1.4,916,6
2023-09-16,51,22.0,11.9,0.8,916,9
2023-09-16,53,17.6,13.8,2.5,916,8
2023-09-16,63,18.1,14.6,23.5,916,10
2023-09-16,51,17.2,12.9,0.2,916,3
2023-09-16,55,13.7,10.5,7.6,916,2
2023-09-16,3,24.4,13.4,0.0,916,1
2023-09-16,53,19.5,10.9,3.3,916,5
2023-09-17,51,14.6,10.0,0.8,917,2
2023-09-17,61,20.5,14.3,6.2,917,9
2023-09-17,53,19.9,14.2,2.1,917,3
2023-09-17,61,18.5,14.6,9.4,917,7
2023-09-17,53,18.5,14.1,1.1,917,8
2023-09-17,53,20.1,13.6,4.0,917,5
2023-09-17,61,20.5,15.8,4.7,917,1
2023-09-17,63,18.1,14.6,13.1,917,10
2023-09-17,61,20.2,14.6,6.6,917,6
2023-09-17,53,14.7,9.8,4.5,917,4
2023-09-18,55,17.1,14.0,1.7,918,7
2023-09-18,61,20.0,14.0,5.7,918,1
2023-09-18,63,16.5,10.9,11.4,918,3
2023-09-18,61,14.7,9.7,11.7,918,2
2023-09-18,63,14.2,9.4,14.6,918,4
2023-09-18,53,17.0,14.6,3.1,918,10
2023-09-18,63,17.9,13.2,7.5,918,9
2023-09-18,61,16.9,10.9,5.6,918,8
2023-09-18,61,16.6,12.4,11.8,918,6
2023-09-18,61,16.3,11.9,4.5,918,5
2023-09-19,63,17.6,12.3,16.0,919,6
2023-09-19,55,18.3,14.7,5.7,919,10
2023-09-19,63,17.2,11.0,19.7,919,3
2023-09-19,53,18.6,14.1,1.7,919,7
2023-09-19,53,18.4,11.9,3.5,919,5
2023-09-19,61,18.2,10.6,11.7,919,8
2023-09-19,51,19.1,13.7,0.1,919,1
2023-09-19,63,16.1,9.4,11.3,919,2
2023-09-19,51,18.9,13.2,0.2,919,9
2023-09-19,61,16.0,9.4,18.0,919,4
2023-09-20,63,17.3,13.3,17.3,920,9
2023-09-20,61,17.5,12.4,10.7,920,6
2023-09-20,63,17.1,13.2,18.3,920,10
2023-09-20,63,19.9,15.4,15.1,920,1
2023-09-20,61,17.0,12.5,13.2,920,7
2023-09-20,61,16.8,11.8,8.8,920,5
2023-09-20,61,15.7,10.7,8.7,920,4
2023-09-20,53,17.4,12.3,2.3,920,8
2023-09-20,61,17.0,11.5,9.4,920,3
2023-09-20,51,16.6,10.7,0.9,920,2
2023-09-21,51,15.5,10.6,0.4,921,6
2023-09-21,55,16.9,9.9,1.5,921,9
2023-09-21,51,18.4,12.3,0.6,921,1
2023-09-21,2,16.3,7.8,0.0,921,8
2023-09-21,51,13.6,9.7,0.1,921,2
2023-09-21,53,12.8,9.6,4.4,921,4
2023-09-21,51,15.4,7.8,0.4,921,3
2023-09-21,61,14.8,10.8,5.9,921,10
2023-09-21,63,16.0,9.8,5.8,921,7
2023-09-21,51,15.8,8.2,1.0,921,5
2023-09-22,53,15.4,6.7,1.1,922,8
2023-09-22,3,15.5,7.1,0.0,922,7
2023-09-22,51,14.5,6.8,0.4,922,5
2023-09-22,55,13.7,10.5,11.3,922,6
2023-09-22,53,14.7,9.6,1.3,922,2
2023-09-22,51,15.7,7.8,0.3,922,9
2023-09-22,53,13.4,7.4,2.2,922,3
2023-09-22,51,14.6,9.0,1.2,922,4
2023-09-22,51,17.3,9.4,0.4,922,1
2023-09-22,51,14.7,10.1,0.7,922,10
2023-09-23,3,15.5,7.5,0.0,923,7
2023-09-23,51,14.5,8.7,0.2,923,5
2023-09-23,51,15.6,8.5,0.3,923,8
2023-09-23,51,14.3,8.2,0.5,923,3
2023-09-23,53,14.7,10.9,2.0,923,6
2023-09-23,3,15.5,8.2,0.0,923,9
2023-09-23,3,17.3,8.8,0.0,923,1
2023-09-23,3,13.0,6.7,0.0,923,2
2023-09-23,53,12.8,5.9,1.6,923,4
2023-09-23,51,15.5,9.6,0.5,923,10
2023-09-24,3,19.6,13.1,0.0,924,1
2023-09-24,51,18.9,12.6,1.0,924,5
2023-09-24,51,19.0,14.9,1.0,924,7
2023-09-24,53,18.9,12.7,2.7,924,3
2023-09-24,61,19.3,13.5,1.6,924,9
2023-09-24,61,18.1,11.4,6.4,924,2
2023-09-24,63,17.4,11.8,15.8,924,4
2023-09-24,55,19.4,13.1,4.5,924,6
2023-09-24,61,18.8,14.9,11.0,924,10
2023-09-24,55,19.0,11.3,2.8,924,8
2023-09-25,55,16.3,12.7,1.7,925,4
2023-09-25,51,19.2,12.9,0.1,925,8
2023-09-25,3,18.5,13.0,0.0,925,5
2023-09-25,51,18.3,14.4,0.2,925,10
2023-09-25,53,16.6,13.2,1.9,925,2
2023-09-25,2,18.3,13.6,0.0,925,6
2023-09-25,51,19.1,13.9,0.1,925,7
2023-09-25,51,20.7,14.1,0.2,925,1
2023-09-25,61,19.6,13.9,1.3,925,9
2023-09-25,51,18.3,12.8,0.1,925,3
2023-09-26,61,19.2,11.2,2.8,926,8
2023-09-26,61,20.1,12.8,4.0,926,9
2023-09-26,53,21.2,13.0,2.5,926,1
2023-09-26,53,18.9,11.7,2.0,926,7
2023-09-26,51,18.0,13.4,0.4,926,10
2023-09-26,53,18.2,13.2,1.6,926,6
2023-09-26,53,15.1,11.9,3.5,926,2
2023-09-26,61,15.0,11.1,6.7,926,4
2023-09-26,55,18.8,12.0,1.8,926,5
2023-09-26,51,18.7,12.3,0.4,926,3
2023-09-27,53,18.0,10.5,3.1,927,3
2023-09-27,51,18.2,12.2,2.6,927,10
2023-09-27,53,17.6,11.5,5.4,927,6
2023-09-27,51,17.6,9.3,1.1,927,8
2023-09-27,61,15.2,9.4,8.8,927,2
2023-09-27,51,18.5,10.9,1.2,927,5
2023-09-27,61,15.0,7.9,17.9,927,4
2023-09-27,51,20.9,13.7,0.3,927,1
2023-09-27,51,19.0,10.9,0.8,927,7
2023-09-27,51,19.8,12.2,0.2,927,9
2023-09-28,61,15.8,12.9,3.6,928,2
2023-09-28,53,17.2,14.2,2.4,928,9
2023-09-28,55,18.7,14.2,1.5,928,1
2023-09-28,55,16.8,14.4,3.5,928,7
2023-09-28,61,15.7,12.3,5.4,928,4
2023-09-28,61,16.2,12.9,5.5,928,5
2023-09-28,53,16.3,13.3,2.3,928,3
2023-09-28,51,16.5,13.7,0.7,928,8
2023-09-28,61,16.7,14.4,6.0,928,10
2023-09-28,51,16.6,13.9,0.4,928,6
2023-09-29,51,16.7,12.8,0.3,929,10
2023-09-29,51,14.2,11.4,1.7,929,4
2023-09-29,51,16.5,12.4,0.3,929,6
2023-09-29,3,16.2,11.8,0.0,929,3
2023-09-29,51,17.1,11.2,0.2,929,5
2023-09-29,2,17.1,11.5,0.0,929,8
2023-09-29,51,19.2,13.4,1.7,929,1
2023-09-29,53,17.3,12.4,1.0,929,7
2023-09-29,51,14.5,11.3,0.1,929,2
2023-09-29,53,17.9,12.3,2.3,929,9
2023-09-30,61,16.8,12.0,11.1,930,6
2023-09-30,3,17.3,10.7,0.0,930,7
2023-09-30,3,16.9,9.6,0.0,930,9
2023-09-30,55,14.0,10.1,4.5,930,2
2023-09-30,55,15.8,9.2,4.8,930,8
2023-09-30,3,18.6,9.6,0.0,930,1
2023-09-30,55,14.2,8.5,4.7,930,4
2023-09-30,51,17.3,12.2,0.9,930,10
2023-09-30,51,16.0,8.9,0.3,930,5
2023-09-30,63,16.0,10.2,9.0,930,3
2023-10-01,51,18.5,16.2,1.1,1001,10
2023-10-01,51,21.8,15.9,0.2,1001,1
2023-10-01,51,19.9,16.6,0.3,1001,7
2023-10-01,51,20.6,16.4,0.4,1001,9
2023-10-01,53,18.9,16.1,2.2,1001,5
2023-10-01,61,18.0,14.1,6.9,1001,6
2023-10-01,51,19.0,14.2,1.4,1001,8
2023-10-01,51,16.1,10.9,1.9,1001,4
2023-10-01,53,17.6,14.4,4.0,1001,3
2023-10-01,51,16.3,11.8,0.8,1001,2
2023-10-02,61,18.1,13.1,13.5,1002,7
2023-10-02,61,18.3,15.5,6.0,1002,9
2023-10-02,53,20.3,15.7,1.5,1002,1
2023-10-02,61,17.3,13.1,6.7,1002,10
2023-10-02,61,16.3,11.3,9.2,1002,5
2023-10-02,61,15.8,11.9,7.4,1002,8
2023-10-02,61,14.7,12.1,12.1,1002,6
2023-10-02,2,14.6,10.7,0.0,1002,2
2023-10-02,51,14.1,10.8,0.3,1002,4
2023-10-02,61,14.5,11.4,12.3,1002,3
2023-10-03,53,14.4,10.3,4.0,1003,3
2023-10-03,51,15.3,10.4,0.4,1003,5
2023-10-03,51,16.6,12.0,0.2,1003,9
2023-10-03,55,14.8,10.4,2.6,1003,8
2023-10-03,3,16.2,11.8,0.0,1003,7
2023-10-03,51,15.9,11.9,0.9,1003,10
2023-10-03,55,15.1,11.3,5.6,1003,6
2023-10-03,51,13.3,10.7,2.9,1003,4
2023-10-03,51,13.2,10.9,0.3,1003,2
2023-10-03,51,17.4,12.6,0.5,1003,1
2023-10-04,61,12.5,9.8,21.8,1004,4
2023-10-04,53,13.0,9.2,8.5,1004,2
2023-10-04,3,16.1,10.6,0.0,1004,5
2023-10-04,51,16.2,12.1,0.2,1004,7
2023-10-04,3,16.6,12.5,0.0,1004,6
2023-10-04,3,15.8,13.3,0.0,1004,10
2023-10-04,3,17.7,11.1,0.0,1004,1
2023-10-04,3,16.7,11.3,0.0,1004,8
2023-10-04,3,16.4,11.3,0.0,1004,3
2023-10-04,51,16.6,11.3,0.1,1004,9
2023-10-05,3,18.7,12.5,0.0,1005,1
2023-10-05,3,17.3,13.0,0.0,1005,7
2023-10-05,51,15.9,12.1,2.2,1005,5
2023-10-05,53,15.9,13.1,3.6,1005,8
2023-10-05,53,16.1,9.0,4.0,1005,2
2023-10-05,51,17.1,14.0,0.4,1005,10
2023-10-05,61,15.0,13.0,12.9,1005,3
2023-10-05,51,17.2,12.2,0.2,1005,9
2023-10-05,61,16.0,14.0,10.6,1005,6
2023-10-05,55,15.9,9.6,7.3,1005,4
2023-10-06,61,14.7,12.0,4.6,1006,2
2023-10-06,55,18.0,15.9,3.7,1006,6
2023-10-06,51,18.9,14.5,0.1,1006,5
2023-10-06,51,18.8,15.6,0.1,1006,8
2023-10-06,3,18.8,12.8,0.0,1006,9
2023-10-06,3,17.6,14.2,0.0,1006,10
2023-10-06,3,18.2,13.2,0.0,1006,7
2023-10-06,61,14.3,12.7,6.6,1006,4
2023-10-06,3,20.0,13.1,0.0,1006,1
2023-10-06,55,17.7,15.0,5.8,1006,3
2023-10-07,3,20.4,14.2,0.0,1007,7
2023-10-07,3,21.5,14.1,0.0,1007,9
2023-10-07,63,13.3,8.5,51.0,1007,4
2023-10-07,63,11.2,8.4,55.1,1007,2
2023-10-07,3,19.2,14.7,0.0,1007,8
2023-10-07,3,23.1,13.9,0.0,1007,1
2023-10-07,3,19.1,13.8,0.0,1007,3
2023-10-07,3,19.0,14.9,0.0,1007,10
2023-10-07,3,21.9,14.4,0.0,1007,5
2023-10-07,3,19.4,15.1,0.0,1007,6
2023-10-08,2,19.8,12.0,0.0,1008,10
2023-10-08,3,19.1,12.4,0.0,1008,3
2023-10-08,51,19.3,12.7,0.1,1008,8
2023-10-08,2,20.7,10.3,0.0,1008,7
2023-10-08,3,20.0,12.9,0.0,1008,6
2023-10-08,1,21.6,11.1,0.0,1008,9
2023-10-08,1,23.0,11.5,0.0,1008,1
2023-10-08,55,15.2,9.5,7.8,1008,4
2023-10-08,61,14.9,9.4,12.3,1008,2
2023-10-08,2,20.9,10.2,0.0,1008,5
2023-10-09,3,22.8,12.2,0.0,1009,1
2023-10-09,51,15.3,13.5,0.5,1009,2
2023-10-09,3,20.9,12.9,0.0,1009,5
2023-10-09,3,19.2,14.0,0.0,1009,10
2023-10-09,3,18.8,12.4,0.0,1009,3
2023-10-09,3,20.5,12.9,0.0,1009,7
2023-10-09,51,15.1,13.4,1.0,1009,4
2023-10-09,3,21.8,12.7,0.0,1009,9
2023-10-09,3,19.1,13.4,0.0,1009,6
2023-10-09,53,20.3,14.8,0.6,1009,8
2023-10-10,3,16.9,13.5,0.0,1010,10
2023-10-10,3,20.5,14.4,0.0,1010,8
2023-10-10,51,17.8,12.4,0.7,1010,2
2023-10-10,3,17.7,12.5,0.0,1010,7
2023-10-10,1,20.9,12.9,0.0,1010,1
2023-10-10,51,20.0,12.5,0.4,1010,3
2023-10-10,53,19.2,12.6,1.2,1010,6
2023-10-10,3,19.6,11.8,0.0,1010,5
2023-10-10,55,16.7,11.6,7.3,1010,4
2023-10-10,2,18.2,13.1,0.0,1010,9
2023-10-11,61,18.3,15.3,5.9,1011,7
2023-10-11,61,16.6,10.5,12.6,1011,6
2023-10-11,53,17.2,8.0,2.6,1011,8
2023-10-11,63,20.1,14.4,6.7,1011,1
2023-10-11,61,17.0,10.6,11.2,1011,5
2023-10-11,51,11.4,5.8,0.1,1011,4
2023-10-11,61,17.4,15.6,5.9,1011,10
2023-10-11,2,11.7,7.6,0.0,1011,2
2023-10-11,61,16.4,8.4,12.9,1011,3
2023-10-11,55,18.5,14.8,5.8,1011,9
2023-10-12,3,11.4,5.7,0.0,1012,2
2023-10-12,63,15.4,11.8,9.8,1012,7
2023-10-12,55,13.2,9.4,1.8,1012,5
2023-10-12,3,12.8,2.8,0.0,1012,8
2023-10-12,51,11.5,5.2,0.3,1012,4
2023-10-12,51,13.0,8.0,0.2,1012,6
2023-10-12,63,15.5,11.5,12.5,1012,10
2023-10-12,51,12.2,4.1,0.1,1012,3
2023-10-12,55,15.3,11.4,7.5,1012,9
2023-10-12,63,16.2,14.4,14.7,1012,1
2023-10-13,61,13.6,8.5,10.4,1013,8
2023-10-13,61,13.6,9.1,15.7,1013,3
2023-10-13,63,13.4,10.5,17.1,1013,6
2023-10-13,51,11.0,6.5,0.2,1013,4
2023-10-13,63,16.8,8.6,22.7,1013,5
2023-10-13,63,18.9,8.7,25.7,1013,9
2023-10-13,63,18.4,9.4,25.0,1013,7
2023-10-13,63,19.7,9.7,19.5,1013,1
2023-10-13,63,17.9,10.7,22.6,1013,10
2023-10-13,3,11.1,6.9,0.0,1013,2
2023-10-14,51,12.1,6.3,0.1,1014,9
2023-10-14,1,8.9,3.1,0.0,1014,4
2023-10-14,51,9.0,4.0,0.1,1014,2
2023-10-14,51,11.3,4.5,0.1,1014,8
2023-10-14,53,10.1,5.7,2.0,1014,3
2023-10-14,51,12.5,6.9,0.1,1014,7
2023-10-14,1,13.0,7.6,0.0,1014,1
2023-10-14,55,10.6,7.9,11.2,1014,6
2023-10-14,2,11.0,5.6,0.0,1014,5
2023-10-14,1,12.2,8.1,0.0,1014,10
2023-10-15,51,11.5,6.5,0.5,1015,6
2023-10-15,1,10.2,3.7,0.0,1015,9
2023-10-15,51,10.3,0.7,0.5,1015,4
2023-10-15,3,11.2,1.6,0.0,1015,3
2023-10-15,3,11.5,2.1,0.0,1015,8
2023-10-15,2,10.2,3.6,0.0,1015,5
2023-10-15,1,10.3,4.2,0.0,1015,1
2023-10-15,3,10.4,2.9,0.0,1015,2
2023-10-15,1,10.8,3.6,0.0,1015,7
2023-10-15,2,11.0,5.7,0.0,1015,10
2023-10-16,3,10.5,2.8,0.0,1016,5
2023-10-16,3,10.7,5.3,0.0,1016,6
2023-10-16,3,10.8,3.2,0.0,1016,3
2023-10-16,3,11.8,3.9,0.0,1016,7
2023-10-16,3,12.1,3.7,0.0,1016,1
2023-10-16,3,11.3,5.6,0.0,1016,10
2023-10-16,3,10.1,4.6,0.0,1016,2
2023-10-16,2,10.4,2.1,0.0,1016,8
2023-10-16,51,10.1,4.6,0.4,1016,4
2023-10-16,3,11.3,2.7,0.0,1016,9
2023-10-17,3,9.8,2.4,0.0,1017,2
2023-10-17,51,13.6,8.7,0.1,1017,7
2023-10-17,51,12.9,3.3,0.2,1017,8
2023-10-17,3,13.5,8.8,0.0,1017,9
2023-10-17,3,12.8,6.9,0.0,1017,6
2023-10-17,3,10.3,0.8,0.0,1017,4
2023-10-17,53,13.2,9.0,0.6,1017,10
2023-10-17,2,13.2,7.6,0.0,1017,5
2023-10-17,51,13.8,9.5,0.1,1017,1
2023-10-17,3,12.7,5.8,0.0,1017,3
2023-10-18,63,16.5,10.6,16.7,1018,1
2023-10-18,63,13.4,11.1,15.4,1018,10
2023-10-18,3,12.7,9.2,0.0,1018,4
2023-10-18,63,15.2,9.8,5.3,1018,6
2023-10-18,61,14.8,9.4,4.8,1018,3
2023-10-18,3,11.8,9.9,0.0,1018,2
2023-10-18,63,14.2,10.1,14.8,1018,9
2023-10-18,55,13.9,9.9,2.8,1018,8
2023-10-18,63,13.1,10.9,20.5,1018,7
2023-10-18,63,14.1,9.8,15.5,1018,5
2023-10-19,55,17.9,14.5,6.1,1019,1
2023-10-19,63,17.0,11.8,12.5,1019,6
2023-10-19,55,13.0,10.3,8.9,1019,2
2023-10-19,61,16.0,12.8,4.2,1019,10
2023-10-19,61,13.8,10.5,4.9,1019,4
2023-10-19,61,16.9,11.5,8.8,1019,3
2023-10-19,63,16.9,12.0,9.9,1019,5
2023-10-19,63,16.8,11.4,11.0,1019,8
2023-10-19,55,16.5,13.1,6.0,1019,7
2023-10-19,61,17.4,13.2,6.7,1019,9
2023-10-20,63,13.8,12.1,25.7,1020,9
2023-10-20,63,13.3,9.6,38.7,1020,6
2023-10-20,55,14.4,11.7,6.8,1020,10
2023-10-20,63,15.7,11.9,10.6,1020,1
2023-10-20,61,10.9,7.0,14.1,1020,2
2023-10-20,51,11.9,6.6,1.3,1020,4
2023-10-20,63,13.6,9.0,42.9,1020,3
2023-10-20,63,13.2,9.9,43.7,1020,5
2023-10-20,63,14.4,12.0,18.6,1020,7
2023-10-20,63,13.5,9.0,32.0,1020,8
